{
  "cv_mse_1_5": 0.048348583831526376,
  "cv_mse_6_10": 0.05084551139202736,
  "cv_std_1_5": 0.02929147256469809,
  "cv_std_6_10": 0.02751420744459885,
  "fold_mse_1_5": [
    0.08966497444346923,
    0.03027929710132815,
    0.02510147994978176
  ],
  "fold_mse_6_10": [
    0.08967884771724809,
    0.033556379209335366,
    0.029301307249498625
  ],
  "fold_runtimes": [
    28.126515865325928,
    23.926757097244263,
    24.31790518760681
  ],
  "total_runtime": 76.371178150177
}