{
  "cv_mse_1_5": 0.08470631717480019,
  "cv_mse_6_10": 0.08883474199143641,
  "cv_std_1_5": 0.03226948256818733,
  "cv_std_6_10": 0.030156389918702623,
  "fold_mse_1_5": [
    0.1277823298926347,
    0.07621906190835032,
    0.05011755972341553
  ],
  "fold_mse_6_10": [
    0.12737348610942986,
    0.08538262888426543,
    0.05374811098061392
  ],
  "fold_runtimes": [
    12.262691974639893,
    13.338639974594116,
    14.800190925598145
  ],
  "total_runtime": 40.40152287483215
}