{
  "cv_mse_1_5": 0.02642886228749587,
  "cv_mse_6_10": 0.029143523563501285,
  "cv_std_1_5": 0.0,
  "cv_std_6_10": 0.0,
  "total_runtime": 18.526331901550293
}