{
  "cv_mse_1_5": 0.024674608065420784,
  "cv_mse_6_10": 0.02908457885615163,
  "cv_std_1_5": 0.0,
  "cv_std_6_10": 0.0,
  "total_runtime": 11.055442810058594
}