{
  "cv_mse_1_5": 0.04842564445050509,
  "cv_mse_6_10": 0.051282163824965754,
  "cv_std_1_5": 0.028251456721226014,
  "cv_std_6_10": 0.026972323178932986,
  "fold_mse_1_5": [
    0.08824323200966644,
    0.03136939357741134,
    0.02566430776443747
  ],
  "fold_mse_6_10": [
    0.08922418035901766,
    0.035711429444041744,
    0.02891088167183785
  ],
  "fold_runtimes": [
    32.09707689285278,
    25.692663192749023,
    25.558618783950806
  ],
  "total_runtime": 83.34835886955261
}