{
  "cv_mse_1_5": 0.04898563435565859,
  "cv_mse_6_10": 0.05097788037368314,
  "cv_std_1_5": 0.028332512213509957,
  "cv_std_6_10": 0.027700203618270247,
  "fold_mse_1_5": [
    0.0888190701997225,
    0.032819904854785746,
    0.02531792801246753
  ],
  "fold_mse_6_10": [
    0.0899002171234459,
    0.035356073559530195,
    0.027677350438073338
  ],
  "fold_runtimes": [
    38.32341694831848,
    37.4767541885376,
    40.558717012405396
  ],
  "total_runtime": 116.35888814926147
}