{
  "cv_mse_1_5": 0.169644606982663,
  "cv_mse_6_10": 0.1950735562166466,
  "cv_std_1_5": 0.11714775344543073,
  "cv_std_6_10": 0.1378177760900439,
  "fold_mse_1_5": [
    0.13484168473349695,
    0.046771474334332167,
    0.32732066188015996
  ],
  "fold_mse_6_10": [
    0.15481452973908624,
    0.050051571733130816,
    0.38035456717772276
  ],
  "fold_runtimes": [
    23.831809043884277,
    21.132978200912476,
    16.190489053726196
  ],
  "total_runtime": 61.15527629852295
}