{
  "cv_mse_1_5": 0.049149901246168436,
  "cv_mse_6_10": 0.05048527913433113,
  "cv_std_1_5": 0.028471700735396947,
  "cv_std_6_10": 0.024974415530793156,
  "fold_mse_1_5": [
    0.08934128220263755,
    0.031162832772462592,
    0.02694558876340514
  ],
  "fold_mse_6_10": [
    0.08563906993347054,
    0.0358647989618295,
    0.029951968507693362
  ],
  "fold_runtimes": [
    18.79090905189514,
    17.785696983337402,
    18.113008975982666
  ],
  "total_runtime": 54.68961501121521
}