{
  "cv_mse_1_5": 0.04906480250215805,
  "cv_mse_6_10": 0.05409926295537259,
  "cv_std_1_5": 0.031010193718638585,
  "cv_std_6_10": 0.030856517821751063,
  "fold_mse_1_5": [
    0.09284252226361307,
    0.02943018552468442,
    0.02492169971817666
  ],
  "fold_mse_6_10": [
    0.09743246647076895,
    0.03688935761385443,
    0.027975964781494382
  ],
  "fold_runtimes": [
    6.773107051849365,
    6.6663429737091064,
    6.849843740463257
  ],
  "total_runtime": 20.28929376602173
}