{
  "cv_mse_1_5": 0.0488905394019519,
  "cv_mse_6_10": 0.05087153721574628,
  "cv_std_1_5": 0.03015246539807446,
  "cv_std_6_10": 0.028654875282609266,
  "fold_mse_1_5": [
    0.09145084558232486,
    0.02989555758495187,
    0.02532521503857896
  ],
  "fold_mse_6_10": [
    0.09125176704830652,
    0.03363618035978959,
    0.027726664239142735
  ],
  "fold_runtimes": [
    11.532717227935791,
    11.200730800628662,
    11.72315502166748
  ],
  "total_runtime": 34.456603050231934
}