{
  "cv_mse_1_5": 0.09987850037889641,
  "cv_mse_6_10": 0.10414359068278582,
  "cv_std_1_5": 0.03987636542698935,
  "cv_std_6_10": 0.03876106267165735,
  "fold_mse_1_5": [
    0.15360797289333222,
    0.08784766505806586,
    0.05817986318529118
  ],
  "fold_mse_6_10": [
    0.15496228730190312,
    0.09653101243424698,
    0.06093747231220738
  ],
  "fold_runtimes": [
    13.657227039337158,
    11.966639757156372,
    13.11101222038269
  ],
  "total_runtime": 38.73487901687622
}