{
  "cv_mse_1_5": 0.043263803088812315,
  "cv_mse_6_10": 0.04327826105957122,
  "cv_std_1_5": 0.033490996602439316,
  "cv_std_6_10": 0.03054285547482813,
  "fold_mse_1_5": [
    0.09048119416660289,
    0.022873611082949174,
    0.016436604016884904
  ],
  "fold_mse_6_10": [
    0.08619458448033789,
    0.02605577153521382,
    0.017584427163161952
  ],
  "fold_runtimes": [
    71.68417000770569,
    74.02783799171448,
    74.84291815757751
  ],
  "total_runtime": 220.55492615699768
}