{
  "cv_mse_1_5": 0.04928665297291226,
  "cv_mse_6_10": 0.052116651205674186,
  "cv_std_1_5": 0.029156545459473323,
  "cv_std_6_10": 0.027092129375151718,
  "fold_mse_1_5": [
    0.09038643622383319,
    0.031611144279663626,
    0.025862378415239935
  ],
  "fold_mse_6_10": [
    0.09028037003069507,
    0.03597130932307871,
    0.03009827426324877
  ],
  "fold_runtimes": [
    25.92642569541931,
    21.956058263778687,
    21.207329988479614
  ],
  "total_runtime": 69.08981394767761
}