{
  "cv_mse_1_5": 0.048297452173809034,
  "cv_mse_6_10": 0.05009323634243307,
  "cv_std_1_5": 0.02913895784979686,
  "cv_std_6_10": 0.02852939339319973,
  "fold_mse_1_5": [
    0.08938253027839674,
    0.030517260802981602,
    0.024992565440048752
  ],
  "fold_mse_6_10": [
    0.090329525154295,
    0.0325577704031812,
    0.027392413469822983
  ],
  "fold_runtimes": [
    31.243186950683594,
    29.007127046585083,
    30.43672800064087
  ],
  "total_runtime": 90.68704199790955
}