{
  "cv_mse_1_5": 0.04898563435565859,
  "cv_mse_6_10": 0.05097788037368314,
  "cv_std_1_5": 0.028332512213509957,
  "cv_std_6_10": 0.027700203618270247,
  "fold_mse_1_5": [
    0.0888190701997225,
    0.032819904854785746,
    0.02531792801246753
  ],
  "fold_mse_6_10": [
    0.0899002171234459,
    0.035356073559530195,
    0.027677350438073338
  ],
  "fold_runtimes": [
    40.60488986968994,
    36.84663200378418,
    40.50372290611267
  ],
  "total_runtime": 117.95524477958679
}